-- MySQL dump 10.13  Distrib 5.7.23, for Linux (x86_64)
--
-- Host: localhost    Database: mls_class_db
-- ------------------------------------------------------
-- Server version	5.7.23-0ubuntu0.16.04.1

/*!40101 SET @OLD_CHARACTER_SET_CLIENT=@@CHARACTER_SET_CLIENT */;
/*!40101 SET @OLD_CHARACTER_SET_RESULTS=@@CHARACTER_SET_RESULTS */;
/*!40101 SET @OLD_COLLATION_CONNECTION=@@COLLATION_CONNECTION */;
/*!40101 SET NAMES utf8 */;
/*!40103 SET @OLD_TIME_ZONE=@@TIME_ZONE */;
/*!40103 SET TIME_ZONE='+00:00' */;
/*!40014 SET @OLD_UNIQUE_CHECKS=@@UNIQUE_CHECKS, UNIQUE_CHECKS=0 */;
/*!40014 SET @OLD_FOREIGN_KEY_CHECKS=@@FOREIGN_KEY_CHECKS, FOREIGN_KEY_CHECKS=0 */;
/*!40101 SET @OLD_SQL_MODE=@@SQL_MODE, SQL_MODE='NO_AUTO_VALUE_ON_ZERO' */;
/*!40111 SET @OLD_SQL_NOTES=@@SQL_NOTES, SQL_NOTES=0 */;

--
-- Table structure for table `feature`
--

DROP TABLE IF EXISTS `feature`;
/*!40101 SET @saved_cs_client     = @@character_set_client */;
/*!40101 SET character_set_client = utf8 */;
CREATE TABLE `feature` (
  `idfeature` int(11) NOT NULL AUTO_INCREMENT,
  `nameFeature` varchar(45) NOT NULL,
  `kind` varchar(45) NOT NULL,
  `dataSet` int(11) NOT NULL,
  PRIMARY KEY (`idfeature`)
) ENGINE=InnoDB AUTO_INCREMENT=71 DEFAULT CHARSET=utf8;
/*!40101 SET character_set_client = @saved_cs_client */;

--
-- Dumping data for table `feature`
--

LOCK TABLES `feature` WRITE;
/*!40000 ALTER TABLE `feature` DISABLE KEYS */;
INSERT INTO `feature` VALUES (1,'AAWT','CATEGORICAL',1558867458),(2,'Pos','CONTINUE',1558867458),(3,'AAMT','CATEGORICAL',1558867458),(4,'ChainID','CATEGORICAL',1558867458),(5,'WT_SSE','CATEGORICAL',1558867458),(6,'WT_RSA','CONTINUE',1558867458),(7,'WT_DEPTH','CONTINUE',1558867458),(8,'WT_OSP','CONTINUE',1558867458),(9,'MT_SSE','CATEGORICAL',1558867458),(10,'MT_RSA','CONTINUE',1558867458),(11,'MT_DEPTH','CONTINUE',1558867458),(12,'MT_OSP','CONTINUE',1558867458),(13,'DDG','CONTINUE',1558867458),(14,'Outcome','CATEGORICAL',1558867458),(15,'AAWT','CATEGORICAL',1558867802),(16,'Pos','CONTINUE',1558867802),(17,'AAMT','CATEGORICAL',1558867802),(18,'ChainID','CATEGORICAL',1558867802),(19,'WT_SSE','CATEGORICAL',1558867802),(20,'WT_RSA','CONTINUE',1558867802),(21,'WT_DEPTH','CONTINUE',1558867802),(22,'WT_OSP','CONTINUE',1558867802),(23,'MT_SSE','CATEGORICAL',1558867802),(24,'MT_RSA','CONTINUE',1558867802),(25,'MT_DEPTH','CONTINUE',1558867802),(26,'MT_OSP','CONTINUE',1558867802),(27,'DDG','CONTINUE',1558867802),(28,'Outcome','CATEGORICAL',1558867802),(29,'AAWT','CATEGORICAL',1558870802),(30,'Pos','CONTINUE',1558870802),(31,'AAMT','CATEGORICAL',1558870802),(32,'ChainID','CATEGORICAL',1558870802),(33,'WT_SSE','CATEGORICAL',1558870802),(34,'WT_RSA','CONTINUE',1558870802),(35,'WT_DEPTH','CONTINUE',1558870802),(36,'WT_OSP','CONTINUE',1558870802),(37,'MT_SSE','CATEGORICAL',1558870802),(38,'MT_RSA','CONTINUE',1558870802),(39,'MT_DEPTH','CONTINUE',1558870802),(40,'MT_OSP','CONTINUE',1558870802),(41,'DDG','CONTINUE',1558870802),(42,'Response','CONTINUE',1558870802),(43,'AAWT','CATEGORICAL',1558885359),(44,'Pos','CONTINUE',1558885359),(45,'AAMT','CATEGORICAL',1558885359),(46,'ChainID','CATEGORICAL',1558885359),(47,'WT_SSE','CATEGORICAL',1558885359),(48,'WT_RSA','CONTINUE',1558885359),(49,'WT_DEPTH','CONTINUE',1558885359),(50,'WT_OSP','CONTINUE',1558885359),(51,'MT_SSE','CATEGORICAL',1558885359),(52,'MT_RSA','CONTINUE',1558885359),(53,'MT_DEPTH','CONTINUE',1558885359),(54,'MT_OSP','CONTINUE',1558885359),(55,'DDG','CONTINUE',1558885359),(56,'Outcome','CATEGORICAL',1558885359),(57,'AAWT','CATEGORICAL',1558889033),(58,'Pos','CONTINUE',1558889033),(59,'AAMT','CATEGORICAL',1558889033),(60,'ChainID','CATEGORICAL',1558889033),(61,'WT_SSE','CATEGORICAL',1558889033),(62,'WT_RSA','CONTINUE',1558889033),(63,'WT_DEPTH','CONTINUE',1558889033),(64,'WT_OSP','CONTINUE',1558889033),(65,'MT_SSE','CATEGORICAL',1558889033),(66,'MT_RSA','CONTINUE',1558889033),(67,'MT_DEPTH','CONTINUE',1558889033),(68,'MT_OSP','CONTINUE',1558889033),(69,'DDG','CONTINUE',1558889033),(70,'Response','CONTINUE',1558889033);
/*!40000 ALTER TABLE `feature` ENABLE KEYS */;
UNLOCK TABLES;

--
-- Table structure for table `jobData`
--

DROP TABLE IF EXISTS `jobData`;
/*!40101 SET @saved_cs_client     = @@character_set_client */;
/*!40101 SET character_set_client = utf8 */;
CREATE TABLE `jobData` (
  `idjobData` int(11) NOT NULL,
  `nameJob` varchar(450) NOT NULL,
  `descriptionJob` varchar(4500) NOT NULL,
  `mailUser` varchar(45) NOT NULL,
  `iterations` int(11) NOT NULL,
  `dateInit` datetime NOT NULL,
  `dateFinish` datetime DEFAULT NULL,
  `statusJob` varchar(45) NOT NULL,
  `commentJob` varchar(4500) NOT NULL,
  `kind` varchar(45) NOT NULL,
  `nameDoc` varchar(450) NOT NULL,
  PRIMARY KEY (`idjobData`)
) ENGINE=InnoDB DEFAULT CHARSET=utf8;
/*!40101 SET character_set_client = @saved_cs_client */;

--
-- Dumping data for table `jobData`
--

LOCK TABLES `jobData` WRITE;
/*!40000 ALTER TABLE `jobData` DISABLE KEYS */;
INSERT INTO `jobData` VALUES (1558867458,'Testing 1A22 clf','Testing 1A22 clf','david.medina@cebib.cl',0,'2019-05-26 06:44:18','2019-05-26 06:44:18','INIT','INIT JOB','CLASSIFICATION','1A22_SDM_clf.csv'),(1558867543,'Testing 1A22 clf','Testing 1A22 clf','david.medina@cebib.cl',0,'2019-05-26 06:45:43','2019-05-26 06:45:43','INIT','INIT JOB','CLASSIFICATION','1A22_SDM_clf.csv'),(1558867751,'Testing 1A22 clf','Testing 1A22 clf','david.medina@cebib.cl',0,'2019-05-26 06:49:11','2019-05-26 06:49:11','INIT','INIT JOB','CLASSIFICATION','1A22_SDM_clf.csv'),(1558867802,'Testing 1A22 clf','Testing 1A22 clf','david.medina@cebib.cl',0,'2019-05-26 06:50:02','2019-05-26 06:50:02','INIT','INIT JOB','CLASSIFICATION','1A22_SDM_clf.csv'),(1558870802,'Testing 1A22 rgx','Testing 1A22 rgx','david.medina@cebib.cl',0,'2019-05-26 09:15:28','2019-05-26 07:40:02','START','INIT JOB','PREDICTION','1A22_SDM.csv'),(1558885359,'Testing 1A22 clf','Testing 1A22 clf','david.medina@cebib.cl',0,'2019-05-26 12:07:39','2019-05-26 11:42:39','START','INIT JOB','CLASSIFICATION','1A22_SDM_clf.csv'),(1558889033,'Testing 1A22','Testing 1A22','david.medina@cebib.cl',0,'2019-05-26 12:44:01','2019-05-26 17:01:08','FINISH','INIT JOB','PREDICTION','1A22_SDM.csv');
/*!40000 ALTER TABLE `jobData` ENABLE KEYS */;
UNLOCK TABLES;

--
-- Table structure for table `response`
--

DROP TABLE IF EXISTS `response`;
/*!40101 SET @saved_cs_client     = @@character_set_client */;
/*!40101 SET character_set_client = utf8 */;
CREATE TABLE `response` (
  `idResponse` int(11) NOT NULL AUTO_INCREMENT,
  `nameFeature` varchar(500) NOT NULL,
  `dataSet` int(11) NOT NULL,
  `removeElements` int(11) NOT NULL,
  `tipo` int(11) NOT NULL,
  PRIMARY KEY (`idResponse`)
) ENGINE=InnoDB AUTO_INCREMENT=6 DEFAULT CHARSET=utf8;
/*!40101 SET character_set_client = @saved_cs_client */;

--
-- Dumping data for table `response`
--

LOCK TABLES `response` WRITE;
/*!40000 ALTER TABLE `response` DISABLE KEYS */;
INSERT INTO `response` VALUES (2,'DDG',1558870802,2,2),(3,'Outcome',1558885359,2,1),(4,'Outcome',1558885359,1,1),(5,'Response',1558889033,1,2);
/*!40000 ALTER TABLE `response` ENABLE KEYS */;
UNLOCK TABLES;
/*!40103 SET TIME_ZONE=@OLD_TIME_ZONE */;

/*!40101 SET SQL_MODE=@OLD_SQL_MODE */;
/*!40014 SET FOREIGN_KEY_CHECKS=@OLD_FOREIGN_KEY_CHECKS */;
/*!40014 SET UNIQUE_CHECKS=@OLD_UNIQUE_CHECKS */;
/*!40101 SET CHARACTER_SET_CLIENT=@OLD_CHARACTER_SET_CLIENT */;
/*!40101 SET CHARACTER_SET_RESULTS=@OLD_CHARACTER_SET_RESULTS */;
/*!40101 SET COLLATION_CONNECTION=@OLD_COLLATION_CONNECTION */;
/*!40111 SET SQL_NOTES=@OLD_SQL_NOTES */;

-- Dump completed on 2019-05-27 12:31:10
